ID,Duration,Model/Calls,Model/Input tokens,Model/Output tokens,Model/Input tokens cost,Model/Output tokens cost,Model/Total cost,Tools/searcher/Total searches,Tools/searcher/Search engine calls/google,Tools/searcher/Search engine calls/google_vision
63,14.26095962524414,8,16765.0,796,0.001257375,0.0002387999999999,0.001496175,1,1,0
23,20.20394897460937,11,24841.0,1377,0.0018630749999999,0.0004130999999999,0.0022761749999999,2,2,0
49,28.927917003631592,12,46716.0,1177,0.0035037,0.00035309999999999996,0.0038567999999999996,2,1,1
